[
    {
        "id" : 1,
        "name" : "Physics",
        "image" : "https://g.christianbook.com/dg/product/web/f400/169958.jpg"
    },
    {
        "id" : 2,
        "name" : "Chemisty",
        "image" : "https://chemistryhall.com/wp-content/uploads/2019/08/chemgen.jpg"
    },
    {
        "id" : 3,
        "name" : "Biology",
        "image" : "https://open.umn.edu/rails/active_storage/blobs/eyJfcmFpbHMiOnsibWVzc2FnZSI6IkJBaHBBcWdJIiwiZXhwIjpudWxsLCJwdXIiOiJibG9iX2lkIn19--bbdd3db213b58e0310c4eadcc3b1bdf6a463717c/Principles-of-Biology-683x1024.jpg"
    },
    {
        "id" : 4,
        "name" : "Mathematics",
        "image" : "https://comptes-books.com/wp-content/uploads/2021/03/TOP-Math-Textbook-6B.jpg"
    },
    {
        "id" : 5,
        "name" : "Computer Science",
        "image" : "https://g.christianbook.com/dg/product/web/f400/169958.jpg"
    }
]